name,hex_code,rgb_code,cmyk_code
Color 1,#000000,"0,0,0","0,0,0,100"
Color 2,#000019,"0,0,25","100,100,0,90"
Color 3,#000032,"0,0,50","100,100,0,80"
Color 4,#00004B,"0,0,75","100,100,0,71"
Color 5,#000064,"0,0,100","100,100,0,61"
Color 6,#00007D,"0,0,125","100,100,0,51"
Color 7,#000096,"0,0,150","100,100,0,41"
Color 8,#0000AF,"0,0,175","100,100,0,31"
Color 9,#0000C8,"0,0,200","100,100,0,22"
Color 10,#0000E1,"0,0,225","100,100,0,12"
Color 11,#0000FA,"0,0,250","100,100,0,2"
Color 12,#001900,"0,25,0","100,0,100,90"
Color 13,#001919,"0,25,25","100,0,0,90"
Color 14,#001932,"0,25,50","100,50,0,80"
Color 15,#00194B,"0,25,75","100,67,0,71"
Color 16,#001964,"0,25,100","100,75,0,61"
Color 17,#00197D,"0,25,125","100,80,0,51"
Color 18,#001996,"0,25,150","100,83,0,41"
Color 19,#0019AF,"0,25,175","100,86,0,31"
Color 20,#0019C8,"0,25,200","100,88,0,22"
Color 21,#0019E1,"0,25,225","100,89,0,12"
Color 22,#0019FA,"0,25,250","100,90,0,2"
Color 23,#003200,"0,50,0","100,0,100,80"
Color 24,#003219,"0,50,25","100,0,50,80"
Color 25,#003232,"0,50,50","100,0,0,80"
Color 26,#00324B,"0,50,75","100,33,0,71"
Color 27,#003264,"0,50,100","100,50,0,61"
Color 28,#00327D,"0,50,125","100,60,0,51"
Color 29,#003296,"0,50,150","100,67,0,41"
Color 30,#0032AF,"0,50,175","100,71,0,31"
Color 31,#0032C8,"0,50,200","100,75,0,22"
Color 32,#0032E1,"0,50,225","100,78,0,12"
Color 33,#0032FA,"0,50,250","100,80,0,2"
Color 34,#004B00,"0,75,0","100,0,100,71"
Color 35,#004B19,"0,75,25","100,0,67,71"
Color 36,#004B32,"0,75,50","100,0,33,71"
Color 37,#004B4B,"0,75,75","100,0,0,71"
Color 38,#004B64,"0,75,100","100,25,0,61"
Color 39,#004B7D,"0,75,125","100,40,0,51"
Color 40,#004B96,"0,75,150","100,50,0,41"
Color 41,#004BAF,"0,75,175","100,57,0,31"
Color 42,#004BC8,"0,75,200","100,62,0,22"
Color 43,#004BE1,"0,75,225","100,67,0,12"
Color 44,#004BFA,"0,75,250","100,70,0,2"
Color 45,#006400,"0,100,0","100,0,100,61"
Color 46,#006419,"0,100,25","100,0,75,61"
Color 47,#006432,"0,100,50","100,0,50,61"
Color 48,#00644B,"0,100,75","100,0,25,61"
Color 49,#006464,"0,100,100","100,0,0,61"
Color 50,#00647D,"0,100,125","100,20,0,51"
Color 51,#006496,"0,100,150","100,33,0,41"
Color 52,#0064AF,"0,100,175","100,43,0,31"
Color 53,#0064C8,"0,100,200","100,50,0,22"
Color 54,#0064E1,"0,100,225","100,56,0,12"
Color 55,#0064FA,"0,100,250","100,60,0,2"
Color 56,#007D00,"0,125,0","100,0,100,51"
Color 57,#007D19,"0,125,25","100,0,80,51"
Color 58,#007D32,"0,125,50","100,0,60,51"
Color 59,#007D4B,"0,125,75","100,0,40,51"
Color 60,#007D64,"0,125,100","100,0,20,51"
Color 61,#007D7D,"0,125,125","100,0,0,51"
Color 62,#007D96,"0,125,150","100,17,0,41"
Color 63,#007DAF,"0,125,175","100,29,0,31"
Color 64,#007DC8,"0,125,200","100,37,0,22"
Color 65,#007DE1,"0,125,225","100,44,0,12"
Color 66,#007DFA,"0,125,250","100,50,0,2"
Color 67,#009600,"0,150,0","100,0,100,41"
Color 68,#009619,"0,150,25","100,0,83,41"
Color 69,#009632,"0,150,50","100,0,67,41"
Color 70,#00964B,"0,150,75","100,0,50,41"
Color 71,#009664,"0,150,100","100,0,33,41"
Color 72,#00967D,"0,150,125","100,0,17,41"
Color 73,#009696,"0,150,150","100,0,0,41"
Color 74,#0096AF,"0,150,175","100,14,0,31"
Color 75,#0096C8,"0,150,200","100,25,0,22"
Color 76,#0096E1,"0,150,225","100,33,0,12"
Color 77,#0096FA,"0,150,250","100,40,0,2"
Color 78,#00AF00,"0,175,0","100,0,100,31"
Color 79,#00AF19,"0,175,25","100,0,86,31"
Color 80,#00AF32,"0,175,50","100,0,71,31"
Color 81,#00AF4B,"0,175,75","100,0,57,31"
Color 82,#00AF64,"0,175,100","100,0,43,31"
Color 83,#00AF7D,"0,175,125","100,0,29,31"
Color 84,#00AF96,"0,175,150","100,0,14,31"
Color 85,#00AFAF,"0,175,175","100,0,0,31"
Color 86,#00AFC8,"0,175,200","100,12,0,22"
Color 87,#00AFE1,"0,175,225","100,22,0,12"
Color 88,#00AFFA,"0,175,250","100,30,0,2"
Color 89,#00C800,"0,200,0","100,0,100,22"
Color 90,#00C819,"0,200,25","100,0,88,22"
Color 91,#00C832,"0,200,50","100,0,75,22"
Color 92,#00C84B,"0,200,75","100,0,62,22"
Color 93,#00C864,"0,200,100","100,0,50,22"
Color 94,#00C87D,"0,200,125","100,0,37,22"
Color 95,#00C896,"0,200,150","100,0,25,22"
Color 96,#00C8AF,"0,200,175","100,0,12,22"
Color 97,#00C8C8,"0,200,200","100,0,0,22"
Color 98,#00C8E1,"0,200,225","100,11,0,12"
Color 99,#00C8FA,"0,200,250","100,20,0,2"
Color 100,#00E100,"0,225,0","100,0,100,12"
Color 101,#00E119,"0,225,25","100,0,89,12"
Color 102,#00E132,"0,225,50","100,0,78,12"
Color 103,#00E14B,"0,225,75","100,0,67,12"
Color 104,#00E164,"0,225,100","100,0,56,12"
Color 105,#00E17D,"0,225,125","100,0,44,12"
Color 106,#00E196,"0,225,150","100,0,33,12"
Color 107,#00E1AF,"0,225,175","100,0,22,12"
Color 108,#00E1C8,"0,225,200","100,0,11,12"
Color 109,#00E1E1,"0,225,225","100,0,0,12"
Color 110,#00E1FA,"0,225,250","100,10,0,2"
Color 111,#00FA00,"0,250,0","100,0,100,2"
Color 112,#00FA19,"0,250,25","100,0,90,2"
Color 113,#00FA32,"0,250,50","100,0,80,2"
Color 114,#00FA4B,"0,250,75","100,0,70,2"
Color 115,#00FA64,"0,250,100","100,0,60,2"
Color 116,#00FA7D,"0,250,125","100,0,50,2"
Color 117,#00FA96,"0,250,150","100,0,40,2"
Color 118,#00FAAF,"0,250,175","100,0,30,2"
Color 119,#00FAC8,"0,250,200","100,0,20,2"
Color 120,#00FAE1,"0,250,225","100,0,10,2"
Color 121,#00FAFA,"0,250,250","100,0,0,2"
Color 122,#190000,"25,0,0","0,100,100,90"
Color 123,#190019,"25,0,25","0,100,0,90"
Color 124,#190032,"25,0,50","50,100,0,80"
Color 125,#19004B,"25,0,75","67,100,0,71"
Color 126,#190064,"25,0,100","75,100,0,61"
Color 127,#19007D,"25,0,125","80,100,0,51"
Color 128,#190096,"25,0,150","83,100,0,41"
Color 129,#1900AF,"25,0,175","86,100,0,31"
Color 130,#1900C8,"25,0,200","88,100,0,22"
Color 131,#1900E1,"25,0,225","89,100,0,12"
Color 132,#1900FA,"25,0,250","90,100,0,2"
Color 133,#191900,"25,25,0","0,0,100,90"
Color 134,#191919,"25,25,25","0,0,0,90"
Color 135,#191932,"25,25,50","50,50,0,80"
Color 136,#19194B,"25,25,75","67,67,0,71"
Color 137,#191964,"25,25,100","75,75,0,61"
Color 138,#19197D,"25,25,125","80,80,0,51"
Color 139,#191996,"25,25,150","83,83,0,41"
Color 140,#1919AF,"25,25,175","86,86,0,31"
Color 141,#1919C8,"25,25,200","88,88,0,22"
Color 142,#1919E1,"25,25,225","89,89,0,12"
Color 143,#1919FA,"25,25,250","90,90,0,2"
Color 144,#193200,"25,50,0","50,0,100,80"
Color 145,#193219,"25,50,25","50,0,50,80"
Color 146,#193232,"25,50,50","50,0,0,80"
Color 147,#19324B,"25,50,75","67,33,0,71"
Color 148,#193264,"25,50,100","75,50,0,61"
Color 149,#19327D,"25,50,125","80,60,0,51"
Color 150,#193296,"25,50,150","83,67,0,41"
Color 151,#1932AF,"25,50,175","86,71,0,31"
Color 152,#1932C8,"25,50,200","88,75,0,22"
Color 153,#1932E1,"25,50,225","89,78,0,12"
Color 154,#1932FA,"25,50,250","90,80,0,2"
Color 155,#194B00,"25,75,0","67,0,100,71"
Color 156,#194B19,"25,75,25","67,0,67,71"
Color 157,#194B32,"25,75,50","67,0,33,71"
Color 158,#194B4B,"25,75,75","67,0,0,71"
Color 159,#194B64,"25,75,100","75,25,0,61"
Color 160,#194B7D,"25,75,125","80,40,0,51"
Color 161,#194B96,"25,75,150","83,50,0,41"
Color 162,#194BAF,"25,75,175","86,57,0,31"
Color 163,#194BC8,"25,75,200","88,62,0,22"
Color 164,#194BE1,"25,75,225","89,67,0,12"
Color 165,#194BFA,"25,75,250","90,70,0,2"
Color 166,#196400,"25,100,0","75,0,100,61"
Color 167,#196419,"25,100,25","75,0,75,61"
Color 168,#196432,"25,100,50","75,0,50,61"
Color 169,#19644B,"25,100,75","75,0,25,61"
Color 170,#196464,"25,100,100","75,0,0,61"
Color 171,#19647D,"25,100,125","80,20,0,51"
Color 172,#196496,"25,100,150","83,33,0,41"
Color 173,#1964AF,"25,100,175","86,43,0,31"
Color 174,#1964C8,"25,100,200","88,50,0,22"
Color 175,#1964E1,"25,100,225","89,56,0,12"
Color 176,#1964FA,"25,100,250","90,60,0,2"
Color 177,#197D00,"25,125,0","80,0,100,51"
Color 178,#197D19,"25,125,25","80,0,80,51"
Color 179,#197D32,"25,125,50","80,0,60,51"
Color 180,#197D4B,"25,125,75","80,0,40,51"
Color 181,#197D64,"25,125,100","80,0,20,51"
Color 182,#197D7D,"25,125,125","80,0,0,51"
Color 183,#197D96,"25,125,150","83,17,0,41"
Color 184,#197DAF,"25,125,175","86,29,0,31"
Color 185,#197DC8,"25,125,200","88,37,0,22"
Color 186,#197DE1,"25,125,225","89,44,0,12"
Color 187,#197DFA,"25,125,250","90,50,0,2"
Color 188,#199600,"25,150,0","83,0,100,41"
Color 189,#199619,"25,150,25","83,0,83,41"
Color 190,#199632,"25,150,50","83,0,67,41"
Color 191,#19964B,"25,150,75","83,0,50,41"
Color 192,#199664,"25,150,100","83,0,33,41"
Color 193,#19967D,"25,150,125","83,0,17,41"
Color 194,#199696,"25,150,150","83,0,0,41"
Color 195,#1996AF,"25,150,175","86,14,0,31"
Color 196,#1996C8,"25,150,200","88,25,0,22"
Color 197,#1996E1,"25,150,225","89,33,0,12"
Color 198,#1996FA,"25,150,250","90,40,0,2"
Color 199,#19AF00,"25,175,0","86,0,100,31"
Color 200,#19AF19,"25,175,25","86,0,86,31"
Color 201,#19AF32,"25,175,50","86,0,71,31"
Color 202,#19AF4B,"25,175,75","86,0,57,31"
Color 203,#19AF64,"25,175,100","86,0,43,31"
Color 204,#19AF7D,"25,175,125","86,0,29,31"
Color 205,#19AF96,"25,175,150","86,0,14,31"
Color 206,#19AFAF,"25,175,175","86,0,0,31"
Color 207,#19AFC8,"25,175,200","88,12,0,22"
Color 208,#19AFE1,"25,175,225","89,22,0,12"
Color 209,#19AFFA,"25,175,250","90,30,0,2"
Color 210,#19C800,"25,200,0","88,0,100,22"
Color 211,#19C819,"25,200,25","88,0,88,22"
Color 212,#19C832,"25,200,50","88,0,75,22"
Color 213,#19C84B,"25,200,75","88,0,62,22"
Color 214,#19C864,"25,200,100","88,0,50,22"
Color 215,#19C87D,"25,200,125","88,0,37,22"
Color 216,#19C896,"25,200,150","88,0,25,22"
Color 217,#19C8AF,"25,200,175","88,0,12,22"
Color 218,#19C8C8,"25,200,200","88,0,0,22"
Color 219,#19C8E1,"25,200,225","89,11,0,12"
Color 220,#19C8FA,"25,200,250","90,20,0,2"
Color 221,#19E100,"25,225,0","89,0,100,12"
Color 222,#19E119,"25,225,25","89,0,89,12"
Color 223,#19E132,"25,225,50","89,0,78,12"
Color 224,#19E14B,"25,225,75","89,0,67,12"
Color 225,#19E164,"25,225,100","89,0,56,12"
Color 226,#19E17D,"25,225,125","89,0,44,12"
Color 227,#19E196,"25,225,150","89,0,33,12"
Color 228,#19E1AF,"25,225,175","89,0,22,12"
Color 229,#19E1C8,"25,225,200","89,0,11,12"
Color 230,#19E1E1,"25,225,225","89,0,0,12"
Color 231,#19E1FA,"25,225,250","90,10,0,2"
Color 232,#19FA00,"25,250,0","90,0,100,2"
Color 233,#19FA19,"25,250,25","90,0,90,2"
Color 234,#19FA32,"25,250,50","90,0,80,2"
Color 235,#19FA4B,"25,250,75","90,0,70,2"
Color 236,#19FA64,"25,250,100","90,0,60,2"
Color 237,#19FA7D,"25,250,125","90,0,50,2"
Color 238,#19FA96,"25,250,150","90,0,40,2"
Color 239,#19FAAF,"25,250,175","90,0,30,2"
Color 240,#19FAC8,"25,250,200","90,0,20,2"
Color 241,#19FAE1,"25,250,225","90,0,10,2"
Color 242,#19FAFA,"25,250,250","90,0,0,2"
Color 243,#320000,"50,0,0","0,100,100,80"
Color 244,#320019,"50,0,25","0,100,50,80"
Color 245,#320032,"50,0,50","0,100,0,80"
Color 246,#32004B,"50,0,75","33,100,0,71"
Color 247,#320064,"50,0,100","50,100,0,61"
Color 248,#32007D,"50,0,125","60,100,0,51"
Color 249,#320096,"50,0,150","67,100,0,41"
Color 250,#3200AF,"50,0,175","71,100,0,31"
Color 251,#3200C8,"50,0,200","75,100,0,22"
Color 252,#3200E1,"50,0,225","78,100,0,12"
Color 253,#3200FA,"50,0,250","80,100,0,2"
Color 254,#321900,"50,25,0","0,50,100,80"
Color 255,#321919,"50,25,25","0,50,50,80"
Color 256,#321932,"50,25,50","0,50,0,80"
Color 257,#32194B,"50,25,75","33,67,0,71"
Color 258,#321964,"50,25,100","50,75,0,61"
Color 259,#32197D,"50,25,125","60,80,0,51"
Color 260,#321996,"50,25,150","67,83,0,41"
Color 261,#3219AF,"50,25,175","71,86,0,31"
Color 262,#3219C8,"50,25,200","75,88,0,22"
Color 263,#3219E1,"50,25,225","78,89,0,12"
Color 264,#3219FA,"50,25,250","80,90,0,2"
Color 265,#323200,"50,50,0","0,0,100,80"
Color 266,#323219,"50,50,25","0,0,50,80"
Color 267,#323232,"50,50,50","0,0,0,80"
Color 268,#32324B,"50,50,75","33,33,0,71"
Color 269,#323264,"50,50,100","50,50,0,61"
Color 270,#32327D,"50,50,125","60,60,0,51"
Color 271,#323296,"50,50,150","67,67,0,41"
Color 272,#3232AF,"50,50,175","71,71,0,31"
Color 273,#3232C8,"50,50,200","75,75,0,22"
Color 274,#3232E1,"50,50,225","78,78,0,12"
Color 275,#3232FA,"50,50,250","80,80,0,2"
Color 276,#324B00,"50,75,0","33,0,100,71"
Color 277,#324B19,"50,75,25","33,0,67,71"
Color 278,#324B32,"50,75,50","33,0,33,71"
Color 279,#324B4B,"50,75,75","33,0,0,71"
Color 280,#324B64,"50,75,100","50,25,0,61"
Color 281,#324B7D,"50,75,125","60,40,0,51"
Color 282,#324B96,"50,75,150","67,50,0,41"
Color 283,#324BAF,"50,75,175","71,57,0,31"
Color 284,#324BC8,"50,75,200","75,62,0,22"
Color 285,#324BE1,"50,75,225","78,67,0,12"
Color 286,#324BFA,"50,75,250","80,70,0,2"
Color 287,#326400,"50,100,0","50,0,100,61"
Color 288,#326419,"50,100,25","50,0,75,61"
Color 289,#326432,"50,100,50","50,0,50,61"
Color 290,#32644B,"50,100,75","50,0,25,61"
Color 291,#326464,"50,100,100","50,0,0,61"
Color 292,#32647D,"50,100,125","60,20,0,51"
Color 293,#326496,"50,100,150","67,33,0,41"
Color 294,#3264AF,"50,100,175","71,43,0,31"
Color 295,#3264C8,"50,100,200","75,50,0,22"
Color 296,#3264E1,"50,100,225","78,56,0,12"
Color 297,#3264FA,"50,100,250","80,60,0,2"
Color 298,#327D00,"50,125,0","60,0,100,51"
Color 299,#327D19,"50,125,25","60,0,80,51"
Color 300,#327D32,"50,125,50","60,0,60,51"
Color 301,#327D4B,"50,125,75","60,0,40,51"
Color 302,#327D64,"50,125,100","60,0,20,51"
Color 303,#327D7D,"50,125,125","60,0,0,51"
Color 304,#327D96,"50,125,150","67,17,0,41"
Color 305,#327DAF,"50,125,175","71,29,0,31"
Color 306,#327DC8,"50,125,200","75,37,0,22"
Color 307,#327DE1,"50,125,225","78,44,0,12"
Color 308,#327DFA,"50,125,250","80,50,0,2"
Color 309,#329600,"50,150,0","67,0,100,41"
Color 310,#329619,"50,150,25","67,0,83,41"
Color 311,#329632,"50,150,50","67,0,67,41"
Color 312,#32964B,"50,150,75","67,0,50,41"
Color 313,#329664,"50,150,100","67,0,33,41"
Color 314,#32967D,"50,150,125","67,0,17,41"
Color 315,#329696,"50,150,150","67,0,0,41"
Color 316,#3296AF,"50,150,175","71,14,0,31"
Color 317,#3296C8,"50,150,200","75,25,0,22"
Color 318,#3296E1,"50,150,225","78,33,0,12"
Color 319,#3296FA,"50,150,250","80,40,0,2"
Color 320,#32AF00,"50,175,0","71,0,100,31"
Color 321,#32AF19,"50,175,25","71,0,86,31"
Color 322,#32AF32,"50,175,50","71,0,71,31"
Color 323,#32AF4B,"50,175,75","71,0,57,31"
Color 324,#32AF64,"50,175,100","71,0,43,31"
Color 325,#32AF7D,"50,175,125","71,0,29,31"
Color 326,#32AF96,"50,175,150","71,0,14,31"
Color 327,#32AFAF,"50,175,175","71,0,0,31"
Color 328,#32AFC8,"50,175,200","75,12,0,22"
Color 329,#32AFE1,"50,175,225","78,22,0,12"
Color 330,#32AFFA,"50,175,250","80,30,0,2"
Color 331,#32C800,"50,200,0","75,0,100,22"
Color 332,#32C819,"50,200,25","75,0,88,22"
Color 333,#32C832,"50,200,50","75,0,75,22"
Color 334,#32C84B,"50,200,75","75,0,62,22"
Color 335,#32C864,"50,200,100","75,0,50,22"
Color 336,#32C87D,"50,200,125","75,0,37,22"
Color 337,#32C896,"50,200,150","75,0,25,22"
Color 338,#32C8AF,"50,200,175","75,0,12,22"
Color 339,#32C8C8,"50,200,200","75,0,0,22"
Color 340,#32C8E1,"50,200,225","78,11,0,12"
Color 341,#32C8FA,"50,200,250","80,20,0,2"
Color 342,#32E100,"50,225,0","78,0,100,12"
Color 343,#32E119,"50,225,25","78,0,89,12"
Color 344,#32E132,"50,225,50","78,0,78,12"
Color 345,#32E14B,"50,225,75","78,0,67,12"
Color 346,#32E164,"50,225,100","78,0,56,12"
Color 347,#32E17D,"50,225,125","78,0,44,12"
Color 348,#32E196,"50,225,150","78,0,33,12"
Color 349,#32E1AF,"50,225,175","78,0,22,12"
Color 350,#32E1C8,"50,225,200","78,0,11,12"
Color 351,#32E1E1,"50,225,225","78,0,0,12"
Color 352,#32E1FA,"50,225,250","80,10,0,2"
Color 353,#32FA00,"50,250,0","80,0,100,2"
Color 354,#32FA19,"50,250,25","80,0,90,2"
Color 355,#32FA32,"50,250,50","80,0,80,2"
Color 356,#32FA4B,"50,250,75","80,0,70,2"
Color 357,#32FA64,"50,250,100","80,0,60,2"
Color 358,#32FA7D,"50,250,125","80,0,50,2"
Color 359,#32FA96,"50,250,150","80,0,40,2"
Color 360,#32FAAF,"50,250,175","80,0,30,2"
Color 361,#32FAC8,"50,250,200","80,0,20,2"
Color 362,#32FAE1,"50,250,225","80,0,10,2"
Color 363,#32FAFA,"50,250,250","80,0,0,2"
Color 364,#4B0000,"75,0,0","0,100,100,71"
Color 365,#4B0019,"75,0,25","0,100,67,71"
Color 366,#4B0032,"75,0,50","0,100,33,71"
Color 367,#4B004B,"75,0,75","0,100,0,71"
Color 368,#4B0064,"75,0,100","25,100,0,61"
Color 369,#4B007D,"75,0,125","40,100,0,51"
Color 370,#4B0096,"75,0,150","50,100,0,41"
Color 371,#4B00AF,"75,0,175","57,100,0,31"
Color 372,#4B00C8,"75,0,200","62,100,0,22"
Color 373,#4B00E1,"75,0,225","67,100,0,12"
Color 374,#4B00FA,"75,0,250","70,100,0,2"
Color 375,#4B1900,"75,25,0","0,67,100,71"
Color 376,#4B1919,"75,25,25","0,67,67,71"
Color 377,#4B1932,"75,25,50","0,67,33,71"
Color 378,#4B194B,"75,25,75","0,67,0,71"
Color 379,#4B1964,"75,25,100","25,75,0,61"
Color 380,#4B197D,"75,25,125","40,80,0,51"
Color 381,#4B1996,"75,25,150","50,83,0,41"
Color 382,#4B19AF,"75,25,175","57,86,0,31"
Color 383,#4B19C8,"75,25,200","62,88,0,22"
Color 384,#4B19E1,"75,25,225","67,89,0,12"
Color 385,#4B19FA,"75,25,250","70,90,0,2"
Color 386,#4B3200,"75,50,0","0,33,100,71"
Color 387,#4B3219,"75,50,25","0,33,67,71"
Color 388,#4B3232,"75,50,50","0,33,33,71"
Color 389,#4B324B,"75,50,75","0,33,0,71"
Color 390,#4B3264,"75,50,100","25,50,0,61"
Color 391,#4B327D,"75,50,125","40,60,0,51"
Color 392,#4B3296,"75,50,150","50,67,0,41"
Color 393,#4B32AF,"75,50,175","57,71,0,31"
Color 394,#4B32C8,"75,50,200","62,75,0,22"
Color 395,#4B32E1,"75,50,225","67,78,0,12"
Color 396,#4B32FA,"75,50,250","70,80,0,2"
Color 397,#4B4B00,"75,75,0","0,0,100,71"
Color 398,#4B4B19,"75,75,25","0,0,67,71"
Color 399,#4B4B32,"75,75,50","0,0,33,71"
Color 400,#4B4B4B,"75,75,75","0,0,0,71"
Color 401,#4B4B64,"75,75,100","25,25,0,61"
Color 402,#4B4B7D,"75,75,125","40,40,0,51"
Color 403,#4B4B96,"75,75,150","50,50,0,41"
Color 404,#4B4BAF,"75,75,175","57,57,0,31"
Color 405,#4B4BC8,"75,75,200","62,62,0,22"
Color 406,#4B4BE1,"75,75,225","67,67,0,12"
Color 407,#4B4BFA,"75,75,250","70,70,0,2"
Color 408,#4B6400,"75,100,0","25,0,100,61"
Color 409,#4B6419,"75,100,25","25,0,75,61"
Color 410,#4B6432,"75,100,50","25,0,50,61"
Color 411,#4B644B,"75,100,75","25,0,25,61"
Color 412,#4B6464,"75,100,100","25,0,0,61"
Color 413,#4B647D,"75,100,125","40,20,0,51"
Color 414,#4B6496,"75,100,150","50,33,0,41"
Color 415,#4B64AF,"75,100,175","57,43,0,31"
Color 416,#4B64C8,"75,100,200","62,50,0,22"
Color 417,#4B64E1,"75,100,225","67,56,0,12"
Color 418,#4B64FA,"75,100,250","70,60,0,2"
Color 419,#4B7D00,"75,125,0","40,0,100,51"
Color 420,#4B7D19,"75,125,25","40,0,80,51"
Color 421,#4B7D32,"75,125,50","40,0,60,51"
Color 422,#4B7D4B,"75,125,75","40,0,40,51"
Color 423,#4B7D64,"75,125,100","40,0,20,51"
Color 424,#4B7D7D,"75,125,125","40,0,0,51"
Color 425,#4B7D96,"75,125,150","50,17,0,41"
Color 426,#4B7DAF,"75,125,175","57,29,0,31"
Color 427,#4B7DC8,"75,125,200","62,37,0,22"
Color 428,#4B7DE1,"75,125,225","67,44,0,12"
Color 429,#4B7DFA,"75,125,250","70,50,0,2"
Color 430,#4B9600,"75,150,0","50,0,100,41"
Color 431,#4B9619,"75,150,25","50,0,83,41"
Color 432,#4B9632,"75,150,50","50,0,67,41"
Color 433,#4B964B,"75,150,75","50,0,50,41"
Color 434,#4B9664,"75,150,100","50,0,33,41"
Color 435,#4B967D,"75,150,125","50,0,17,41"
Color 436,#4B9696,"75,150,150","50,0,0,41"
Color 437,#4B96AF,"75,150,175","57,14,0,31"
Color 438,#4B96C8,"75,150,200","62,25,0,22"
Color 439,#4B96E1,"75,150,225","67,33,0,12"
Color 440,#4B96FA,"75,150,250","70,40,0,2"
Color 441,#4BAF00,"75,175,0","57,0,100,31"
Color 442,#4BAF19,"75,175,25","57,0,86,31"
Color 443,#4BAF32,"75,175,50","57,0,71,31"
Color 444,#4BAF4B,"75,175,75","57,0,57,31"
Color 445,#4BAF64,"75,175,100","57,0,43,31"
Color 446,#4BAF7D,"75,175,125","57,0,29,31"
Color 447,#4BAF96,"75,175,150","57,0,14,31"
Color 448,#4BAFAF,"75,175,175","57,0,0,31"
Color 449,#4BAFC8,"75,175,200","62,12,0,22"
Color 450,#4BAFE1,"75,175,225","67,22,0,12"
Color 451,#4BAFFA,"75,175,250","70,30,0,2"
Color 452,#4BC800,"75,200,0","62,0,100,22"
Color 453,#4BC819,"75,200,25","62,0,88,22"
Color 454,#4BC832,"75,200,50","62,0,75,22"
Color 455,#4BC84B,"75,200,75","62,0,62,22"
Color 456,#4BC864,"75,200,100","62,0,50,22"
Color 457,#4BC87D,"75,200,125","62,0,37,22"
Color 458,#4BC896,"75,200,150","62,0,25,22"
Color 459,#4BC8AF,"75,200,175","62,0,12,22"
Color 460,#4BC8C8,"75,200,200","62,0,0,22"
Color 461,#4BC8E1,"75,200,225","67,11,0,12"
Color 462,#4BC8FA,"75,200,250","70,20,0,2"
Color 463,#4BE100,"75,225,0","67,0,100,12"
Color 464,#4BE119,"75,225,25","67,0,89,12"
Color 465,#4BE132,"75,225,50","67,0,78,12"
Color 466,#4BE14B,"75,225,75","67,0,67,12"
Color 467,#4BE164,"75,225,100","67,0,56,12"
Color 468,#4BE17D,"75,225,125","67,0,44,12"
Color 469,#4BE196,"75,225,150","67,0,33,12"
Color 470,#4BE1AF,"75,225,175","67,0,22,12"
Color 471,#4BE1C8,"75,225,200","67,0,11,12"
Color 472,#4BE1E1,"75,225,225","67,0,0,12"
Color 473,#4BE1FA,"75,225,250","70,10,0,2"
Color 474,#4BFA00,"75,250,0","70,0,100,2"
Color 475,#4BFA19,"75,250,25","70,0,90,2"
Color 476,#4BFA32,"75,250,50","70,0,80,2"
Color 477,#4BFA4B,"75,250,75","70,0,70,2"
Color 478,#4BFA64,"75,250,100","70,0,60,2"
Color 479,#4BFA7D,"75,250,125","70,0,50,2"
Color 480,#4BFA96,"75,250,150","70,0,40,2"
Color 481,#4BFAAF,"75,250,175","70,0,30,2"
Color 482,#4BFAC8,"75,250,200","70,0,20,2"
Color 483,#4BFAE1,"75,250,225","70,0,10,2"
Color 484,#4BFAFA,"75,250,250","70,0,0,2"
Color 485,#640000,"100,0,0","0,100,100,61"
Color 486,#640019,"100,0,25","0,100,75,61"
Color 487,#640032,"100,0,50","0,100,50,61"
Color 488,#64004B,"100,0,75","0,100,25,61"
Color 489,#640064,"100,0,100","0,100,0,61"
Color 490,#64007D,"100,0,125","20,100,0,51"
Color 491,#640096,"100,0,150","33,100,0,41"
Color 492,#6400AF,"100,0,175","43,100,0,31"
Color 493,#6400C8,"100,0,200","50,100,0,22"
Color 494,#6400E1,"100,0,225","56,100,0,12"
Color 495,#6400FA,"100,0,250","60,100,0,2"
Color 496,#641900,"100,25,0","0,75,100,61"
Color 497,#641919,"100,25,25","0,75,75,61"
Color 498,#641932,"100,25,50","0,75,50,61"
Color 499,#64194B,"100,25,75","0,75,25,61"
Color 500,#641964,"100,25,100","0,75,0,61"
Color 501,#64197D,"100,25,125","20,80,0,51"
Color 502,#641996,"100,25,150","33,83,0,41"
Color 503,#6419AF,"100,25,175","43,86,0,31"
Color 504,#6419C8,"100,25,200","50,88,0,22"
Color 505,#6419E1,"100,25,225","56,89,0,12"
Color 506,#6419FA,"100,25,250","60,90,0,2"
Color 507,#643200,"100,50,0","0,50,100,61"
Color 508,#643219,"100,50,25","0,50,75,61"
Color 509,#643232,"100,50,50","0,50,50,61"
Color 510,#64324B,"100,50,75","0,50,25,61"
Color 511,#643264,"100,50,100","0,50,0,61"
Color 512,#64327D,"100,50,125","20,60,0,51"
Color 513,#643296,"100,50,150","33,67,0,41"
Color 514,#6432AF,"100,50,175","43,71,0,31"
Color 515,#6432C8,"100,50,200","50,75,0,22"
Color 516,#6432E1,"100,50,225","56,78,0,12"
Color 517,#6432FA,"100,50,250","60,80,0,2"
Color 518,#644B00,"100,75,0","0,25,100,61"
Color 519,#644B19,"100,75,25","0,25,75,61"
Color 520,#644B32,"100,75,50","0,25,50,61"
Color 521,#644B4B,"100,75,75","0,25,25,61"
Color 522,#644B64,"100,75,100","0,25,0,61"
Color 523,#644B7D,"100,75,125","20,40,0,51"
Color 524,#644B96,"100,75,150","33,50,0,41"
Color 525,#644BAF,"100,75,175","43,57,0,31"
Color 526,#644BC8,"100,75,200","50,62,0,22"
Color 527,#644BE1,"100,75,225","56,67,0,12"
Color 528,#644BFA,"100,75,250","60,70,0,2"
Color 529,#646400,"100,100,0","0,0,100,61"
Color 530,#646419,"100,100,25","0,0,75,61"
Color 531,#646432,"100,100,50","0,0,50,61"
Color 532,#64644B,"100,100,75","0,0,25,61"
Color 533,#646464,"100,100,100","0,0,0,61"
Color 534,#64647D,"100,100,125","20,20,0,51"
Color 535,#646496,"100,100,150","33,33,0,41"
Color 536,#6464AF,"100,100,175","43,43,0,31"
Color 537,#6464C8,"100,100,200","50,50,0,22"
Color 538,#6464E1,"100,100,225","56,56,0,12"
Color 539,#6464FA,"100,100,250","60,60,0,2"
Color 540,#647D00,"100,125,0","20,0,100,51"
Color 541,#647D19,"100,125,25","20,0,80,51"
Color 542,#647D32,"100,125,50","20,0,60,51"
Color 543,#647D4B,"100,125,75","20,0,40,51"
Color 544,#647D64,"100,125,100","20,0,20,51"
Color 545,#647D7D,"100,125,125","20,0,0,51"
Color 546,#647D96,"100,125,150","33,17,0,41"
Color 547,#647DAF,"100,125,175","43,29,0,31"
Color 548,#647DC8,"100,125,200","50,37,0,22"
Color 549,#647DE1,"100,125,225","56,44,0,12"
Color 550,#647DFA,"100,125,250","60,50,0,2"
Color 551,#649600,"100,150,0","33,0,100,41"
Color 552,#649619,"100,150,25","33,0,83,41"
Color 553,#649632,"100,150,50","33,0,67,41"
Color 554,#64964B,"100,150,75","33,0,50,41"
Color 555,#649664,"100,150,100","33,0,33,41"
Color 556,#64967D,"100,150,125","33,0,17,41"
Color 557,#649696,"100,150,150","33,0,0,41"
Color 558,#6496AF,"100,150,175","43,14,0,31"
Color 559,#6496C8,"100,150,200","50,25,0,22"
Color 560,#6496E1,"100,150,225","56,33,0,12"
Color 561,#6496FA,"100,150,250","60,40,0,2"
Color 562,#64AF00,"100,175,0","43,0,100,31"
Color 563,#64AF19,"100,175,25","43,0,86,31"
Color 564,#64AF32,"100,175,50","43,0,71,31"
Color 565,#64AF4B,"100,175,75","43,0,57,31"
Color 566,#64AF64,"100,175,100","43,0,43,31"
Color 567,#64AF7D,"100,175,125","43,0,29,31"
Color 568,#64AF96,"100,175,150","43,0,14,31"
Color 569,#64AFAF,"100,175,175","43,0,0,31"
Color 570,#64AFC8,"100,175,200","50,12,0,22"
Color 571,#64AFE1,"100,175,225","56,22,0,12"
Color 572,#64AFFA,"100,175,250","60,30,0,2"
Color 573,#64C800,"100,200,0","50,0,100,22"
Color 574,#64C819,"100,200,25","50,0,88,22"
Color 575,#64C832,"100,200,50","50,0,75,22"
Color 576,#64C84B,"100,200,75","50,0,62,22"
Color 577,#64C864,"100,200,100","50,0,50,22"
Color 578,#64C87D,"100,200,125","50,0,37,22"
Color 579,#64C896,"100,200,150","50,0,25,22"
Color 580,#64C8AF,"100,200,175","50,0,12,22"
Color 581,#64C8C8,"100,200,200","50,0,0,22"
Color 582,#64C8E1,"100,200,225","56,11,0,12"
Color 583,#64C8FA,"100,200,250","60,20,0,2"
Color 584,#64E100,"100,225,0","56,0,100,12"
Color 585,#64E119,"100,225,25","56,0,89,12"
Color 586,#64E132,"100,225,50","56,0,78,12"
Color 587,#64E14B,"100,225,75","56,0,67,12"
Color 588,#64E164,"100,225,100","56,0,56,12"
Color 589,#64E17D,"100,225,125","56,0,44,12"
Color 590,#64E196,"100,225,150","56,0,33,12"
Color 591,#64E1AF,"100,225,175","56,0,22,12"
Color 592,#64E1C8,"100,225,200","56,0,11,12"
Color 593,#64E1E1,"100,225,225","56,0,0,12"
Color 594,#64E1FA,"100,225,250","60,10,0,2"
Color 595,#64FA00,"100,250,0","60,0,100,2"
Color 596,#64FA19,"100,250,25","60,0,90,2"
Color 597,#64FA32,"100,250,50","60,0,80,2"
Color 598,#64FA4B,"100,250,75","60,0,70,2"
Color 599,#64FA64,"100,250,100","60,0,60,2"
Color 600,#64FA7D,"100,250,125","60,0,50,2"
Color 601,#64FA96,"100,250,150","60,0,40,2"
Color 602,#64FAAF,"100,250,175","60,0,30,2"
Color 603,#64FAC8,"100,250,200","60,0,20,2"
Color 604,#64FAE1,"100,250,225","60,0,10,2"
Color 605,#64FAFA,"100,250,250","60,0,0,2"
Color 606,#7D0000,"125,0,0","0,100,100,51"
Color 607,#7D0019,"125,0,25","0,100,80,51"
Color 608,#7D0032,"125,0,50","0,100,60,51"
Color 609,#7D004B,"125,0,75","0,100,40,51"
Color 610,#7D0064,"125,0,100","0,100,20,51"
Color 611,#7D007D,"125,0,125","0,100,0,51"
Color 612,#7D0096,"125,0,150","17,100,0,41"
Color 613,#7D00AF,"125,0,175","29,100,0,31"
Color 614,#7D00C8,"125,0,200","37,100,0,22"
Color 615,#7D00E1,"125,0,225","44,100,0,12"
Color 616,#7D00FA,"125,0,250","50,100,0,2"
Color 617,#7D1900,"125,25,0","0,80,100,51"
Color 618,#7D1919,"125,25,25","0,80,80,51"
Color 619,#7D1932,"125,25,50","0,80,60,51"
Color 620,#7D194B,"125,25,75","0,80,40,51"
Color 621,#7D1964,"125,25,100","0,80,20,51"
Color 622,#7D197D,"125,25,125","0,80,0,51"
Color 623,#7D1996,"125,25,150","17,83,0,41"
Color 624,#7D19AF,"125,25,175","29,86,0,31"
Color 625,#7D19C8,"125,25,200","37,88,0,22"
Color 626,#7D19E1,"125,25,225","44,89,0,12"
Color 627,#7D19FA,"125,25,250","50,90,0,2"
Color 628,#7D3200,"125,50,0","0,60,100,51"
Color 629,#7D3219,"125,50,25","0,60,80,51"
Color 630,#7D3232,"125,50,50","0,60,60,51"
Color 631,#7D324B,"125,50,75","0,60,40,51"
Color 632,#7D3264,"125,50,100","0,60,20,51"
Color 633,#7D327D,"125,50,125","0,60,0,51"
Color 634,#7D3296,"125,50,150","17,67,0,41"
Color 635,#7D32AF,"125,50,175","29,71,0,31"
Color 636,#7D32C8,"125,50,200","37,75,0,22"
Color 637,#7D32E1,"125,50,225","44,78,0,12"
Color 638,#7D32FA,"125,50,250","50,80,0,2"
Color 639,#7D4B00,"125,75,0","0,40,100,51"
Color 640,#7D4B19,"125,75,25","0,40,80,51"
Color 641,#7D4B32,"125,75,50","0,40,60,51"
Color 642,#7D4B4B,"125,75,75","0,40,40,51"
Color 643,#7D4B64,"125,75,100","0,40,20,51"
Color 644,#7D4B7D,"125,75,125","0,40,0,51"
Color 645,#7D4B96,"125,75,150","17,50,0,41"
Color 646,#7D4BAF,"125,75,175","29,57,0,31"
Color 647,#7D4BC8,"125,75,200","37,62,0,22"
Color 648,#7D4BE1,"125,75,225","44,67,0,12"
Color 649,#7D4BFA,"125,75,250","50,70,0,2"
Color 650,#7D6400,"125,100,0","0,20,100,51"
Color 651,#7D6419,"125,100,25","0,20,80,51"
Color 652,#7D6432,"125,100,50","0,20,60,51"
Color 653,#7D644B,"125,100,75","0,20,40,51"
Color 654,#7D6464,"125,100,100","0,20,20,51"
Color 655,#7D647D,"125,100,125","0,20,0,51"
Color 656,#7D6496,"125,100,150","17,33,0,41"
Color 657,#7D64AF,"125,100,175","29,43,0,31"
Color 658,#7D64C8,"125,100,200","37,50,0,22"
Color 659,#7D64E1,"125,100,225","44,56,0,12"
Color 660,#7D64FA,"125,100,250","50,60,0,2"
Color 661,#7D7D00,"125,125,0","0,0,100,51"
Color 662,#7D7D19,"125,125,25","0,0,80,51"
Color 663,#7D7D32,"125,125,50","0,0,60,51"
Color 664,#7D7D4B,"125,125,75","0,0,40,51"
Color 665,#7D7D64,"125,125,100","0,0,20,51"
Color 666,#7D7D7D,"125,125,125","0,0,0,51"
Color 667,#7D7D96,"125,125,150","17,17,0,41"
Color 668,#7D7DAF,"125,125,175","29,29,0,31"
Color 669,#7D7DC8,"125,125,200","37,37,0,22"
Color 670,#7D7DE1,"125,125,225","44,44,0,12"
Color 671,#7D7DFA,"125,125,250","50,50,0,2"
Color 672,#7D9600,"125,150,0","17,0,100,41"
Color 673,#7D9619,"125,150,25","17,0,83,41"
Color 674,#7D9632,"125,150,50","17,0,67,41"
Color 675,#7D964B,"125,150,75","17,0,50,41"
Color 676,#7D9664,"125,150,100","17,0,33,41"
Color 677,#7D967D,"125,150,125","17,0,17,41"
Color 678,#7D9696,"125,150,150","17,0,0,41"
Color 679,#7D96AF,"125,150,175","29,14,0,31"
Color 680,#7D96C8,"125,150,200","37,25,0,22"
Color 681,#7D96E1,"125,150,225","44,33,0,12"
Color 682,#7D96FA,"125,150,250","50,40,0,2"
Color 683,#7DAF00,"125,175,0","29,0,100,31"
Color 684,#7DAF19,"125,175,25","29,0,86,31"
Color 685,#7DAF32,"125,175,50","29,0,71,31"
Color 686,#7DAF4B,"125,175,75","29,0,57,31"
Color 687,#7DAF64,"125,175,100","29,0,43,31"
Color 688,#7DAF7D,"125,175,125","29,0,29,31"
Color 689,#7DAF96,"125,175,150","29,0,14,31"
Color 690,#7DAFAF,"125,175,175","29,0,0,31"
Color 691,#7DAFC8,"125,175,200","37,12,0,22"
Color 692,#7DAFE1,"125,175,225","44,22,0,12"
Color 693,#7DAFFA,"125,175,250","50,30,0,2"
Color 694,#7DC800,"125,200,0","37,0,100,22"
Color 695,#7DC819,"125,200,25","37,0,88,22"
Color 696,#7DC832,"125,200,50","37,0,75,22"
Color 697,#7DC84B,"125,200,75","37,0,62,22"
Color 698,#7DC864,"125,200,100","37,0,50,22"
Color 699,#7DC87D,"125,200,125","37,0,37,22"
Color 700,#7DC896,"125,200,150","37,0,25,22"
Color 701,#7DC8AF,"125,200,175","37,0,12,22"
Color 702,#7DC8C8,"125,200,200","37,0,0,22"
Color 703,#7DC8E1,"125,200,225","44,11,0,12"
Color 704,#7DC8FA,"125,200,250","50,20,0,2"
Color 705,#7DE100,"125,225,0","44,0,100,12"
Color 706,#7DE119,"125,225,25","44,0,89,12"
Color 707,#7DE132,"125,225,50","44,0,78,12"
Color 708,#7DE14B,"125,225,75","44,0,67,12"
Color 709,#7DE164,"125,225,100","44,0,56,12"
Color 710,#7DE17D,"125,225,125","44,0,44,12"
Color 711,#7DE196,"125,225,150","44,0,33,12"
Color 712,#7DE1AF,"125,225,175","44,0,22,12"
Color 713,#7DE1C8,"125,225,200","44,0,11,12"
Color 714,#7DE1E1,"125,225,225","44,0,0,12"
Color 715,#7DE1FA,"125,225,250","50,10,0,2"
Color 716,#7DFA00,"125,250,0","50,0,100,2"
Color 717,#7DFA19,"125,250,25","50,0,90,2"
Color 718,#7DFA32,"125,250,50","50,0,80,2"
Color 719,#7DFA4B,"125,250,75","50,0,70,2"
Color 720,#7DFA64,"125,250,100","50,0,60,2"
Color 721,#7DFA7D,"125,250,125","50,0,50,2"
Color 722,#7DFA96,"125,250,150","50,0,40,2"
Color 723,#7DFAAF,"125,250,175","50,0,30,2"
Color 724,#7DFAC8,"125,250,200","50,0,20,2"
Color 725,#7DFAE1,"125,250,225","50,0,10,2"
Color 726,#7DFAFA,"125,250,250","50,0,0,2"
Color 727,#960000,"150,0,0","0,100,100,41"
Color 728,#960019,"150,0,25","0,100,83,41"
Color 729,#960032,"150,0,50","0,100,67,41"
Color 730,#96004B,"150,0,75","0,100,50,41"
Color 731,#960064,"150,0,100","0,100,33,41"
Color 732,#96007D,"150,0,125","0,100,17,41"
Color 733,#960096,"150,0,150","0,100,0,41"
Color 734,#9600AF,"150,0,175","14,100,0,31"
Color 735,#9600C8,"150,0,200","25,100,0,22"
Color 736,#9600E1,"150,0,225","33,100,0,12"
Color 737,#9600FA,"150,0,250","40,100,0,2"
Color 738,#961900,"150,25,0","0,83,100,41"
Color 739,#961919,"150,25,25","0,83,83,41"
Color 740,#961932,"150,25,50","0,83,67,41"
Color 741,#96194B,"150,25,75","0,83,50,41"
Color 742,#961964,"150,25,100","0,83,33,41"
Color 743,#96197D,"150,25,125","0,83,17,41"
Color 744,#961996,"150,25,150","0,83,0,41"
Color 745,#9619AF,"150,25,175","14,86,0,31"
Color 746,#9619C8,"150,25,200","25,88,0,22"
Color 747,#9619E1,"150,25,225","33,89,0,12"
Color 748,#9619FA,"150,25,250","40,90,0,2"
Color 749,#963200,"150,50,0","0,67,100,41"
Color 750,#963219,"150,50,25","0,67,83,41"
Color 751,#963232,"150,50,50","0,67,67,41"
Color 752,#96324B,"150,50,75","0,67,50,41"
Color 753,#963264,"150,50,100","0,67,33,41"
Color 754,#96327D,"150,50,125","0,67,17,41"
Color 755,#963296,"150,50,150","0,67,0,41"
Color 756,#9632AF,"150,50,175","14,71,0,31"
Color 757,#9632C8,"150,50,200","25,75,0,22"
Color 758,#9632E1,"150,50,225","33,78,0,12"
Color 759,#9632FA,"150,50,250","40,80,0,2"
Color 760,#964B00,"150,75,0","0,50,100,41"
Color 761,#964B19,"150,75,25","0,50,83,41"
Color 762,#964B32,"150,75,50","0,50,67,41"
Color 763,#964B4B,"150,75,75","0,50,50,41"
Color 764,#964B64,"150,75,100","0,50,33,41"
Color 765,#964B7D,"150,75,125","0,50,17,41"
Color 766,#964B96,"150,75,150","0,50,0,41"
Color 767,#964BAF,"150,75,175","14,57,0,31"
Color 768,#964BC8,"150,75,200","25,62,0,22"
Color 769,#964BE1,"150,75,225","33,67,0,12"
Color 770,#964BFA,"150,75,250","40,70,0,2"
Color 771,#966400,"150,100,0","0,33,100,41"
Color 772,#966419,"150,100,25","0,33,83,41"
Color 773,#966432,"150,100,50","0,33,67,41"
Color 774,#96644B,"150,100,75","0,33,50,41"
Color 775,#966464,"150,100,100","0,33,33,41"
Color 776,#96647D,"150,100,125","0,33,17,41"
Color 777,#966496,"150,100,150","0,33,0,41"
Color 778,#9664AF,"150,100,175","14,43,0,31"
Color 779,#9664C8,"150,100,200","25,50,0,22"
Color 780,#9664E1,"150,100,225","33,56,0,12"
Color 781,#9664FA,"150,100,250","40,60,0,2"
Color 782,#967D00,"150,125,0","0,17,100,41"
Color 783,#967D19,"150,125,25","0,17,83,41"
Color 784,#967D32,"150,125,50","0,17,67,41"
Color 785,#967D4B,"150,125,75","0,17,50,41"
Color 786,#967D64,"150,125,100","0,17,33,41"
Color 787,#967D7D,"150,125,125","0,17,17,41"
Color 788,#967D96,"150,125,150","0,17,0,41"
Color 789,#967DAF,"150,125,175","14,29,0,31"
Color 790,#967DC8,"150,125,200","25,37,0,22"
Color 791,#967DE1,"150,125,225","33,44,0,12"
Color 792,#967DFA,"150,125,250","40,50,0,2"
Color 793,#969600,"150,150,0","0,0,100,41"
Color 794,#969619,"150,150,25","0,0,83,41"
Color 795,#969632,"150,150,50","0,0,67,41"
Color 796,#96964B,"150,150,75","0,0,50,41"
Color 797,#969664,"150,150,100","0,0,33,41"
Color 798,#96967D,"150,150,125","0,0,17,41"
Color 799,#969696,"150,150,150","0,0,0,41"
Color 800,#9696AF,"150,150,175","14,14,0,31"
Color 801,#9696C8,"150,150,200","25,25,0,22"
Color 802,#9696E1,"150,150,225","33,33,0,12"
Color 803,#9696FA,"150,150,250","40,40,0,2"
Color 804,#96AF00,"150,175,0","14,0,100,31"
Color 805,#96AF19,"150,175,25","14,0,86,31"
Color 806,#96AF32,"150,175,50","14,0,71,31"
Color 807,#96AF4B,"150,175,75","14,0,57,31"
Color 808,#96AF64,"150,175,100","14,0,43,31"
Color 809,#96AF7D,"150,175,125","14,0,29,31"
Color 810,#96AF96,"150,175,150","14,0,14,31"
Color 811,#96AFAF,"150,175,175","14,0,0,31"
Color 812,#96AFC8,"150,175,200","25,12,0,22"
Color 813,#96AFE1,"150,175,225","33,22,0,12"
Color 814,#96AFFA,"150,175,250","40,30,0,2"
Color 815,#96C800,"150,200,0","25,0,100,22"
Color 816,#96C819,"150,200,25","25,0,88,22"
Color 817,#96C832,"150,200,50","25,0,75,22"
Color 818,#96C84B,"150,200,75","25,0,62,22"
Color 819,#96C864,"150,200,100","25,0,50,22"
Color 820,#96C87D,"150,200,125","25,0,37,22"
Color 821,#96C896,"150,200,150","25,0,25,22"
Color 822,#96C8AF,"150,200,175","25,0,12,22"
Color 823,#96C8C8,"150,200,200","25,0,0,22"
Color 824,#96C8E1,"150,200,225","33,11,0,12"
Color 825,#96C8FA,"150,200,250","40,20,0,2"
Color 826,#96E100,"150,225,0","33,0,100,12"
Color 827,#96E119,"150,225,25","33,0,89,12"
Color 828,#96E132,"150,225,50","33,0,78,12"
Color 829,#96E14B,"150,225,75","33,0,67,12"
Color 830,#96E164,"150,225,100","33,0,56,12"
Color 831,#96E17D,"150,225,125","33,0,44,12"
Color 832,#96E196,"150,225,150","33,0,33,12"
Color 833,#96E1AF,"150,225,175","33,0,22,12"
Color 834,#96E1C8,"150,225,200","33,0,11,12"
Color 835,#96E1E1,"150,225,225","33,0,0,12"
Color 836,#96E1FA,"150,225,250","40,10,0,2"
Color 837,#96FA00,"150,250,0","40,0,100,2"
Color 838,#96FA19,"150,250,25","40,0,90,2"
Color 839,#96FA32,"150,250,50","40,0,80,2"
Color 840,#96FA4B,"150,250,75","40,0,70,2"
Color 841,#96FA64,"150,250,100","40,0,60,2"
Color 842,#96FA7D,"150,250,125","40,0,50,2"
Color 843,#96FA96,"150,250,150","40,0,40,2"
Color 844,#96FAAF,"150,250,175","40,0,30,2"
Color 845,#96FAC8,"150,250,200","40,0,20,2"
Color 846,#96FAE1,"150,250,225","40,0,10,2"
Color 847,#96FAFA,"150,250,250","40,0,0,2"
Color 848,#AF0000,"175,0,0","0,100,100,31"
Color 849,#AF0019,"175,0,25","0,100,86,31"
Color 850,#AF0032,"175,0,50","0,100,71,31"
Color 851,#AF004B,"175,0,75","0,100,57,31"
Color 852,#AF0064,"175,0,100","0,100,43,31"
Color 853,#AF007D,"175,0,125","0,100,29,31"
Color 854,#AF0096,"175,0,150","0,100,14,31"
Color 855,#AF00AF,"175,0,175","0,100,0,31"
Color 856,#AF00C8,"175,0,200","12,100,0,22"
Color 857,#AF00E1,"175,0,225","22,100,0,12"
Color 858,#AF00FA,"175,0,250","30,100,0,2"
Color 859,#AF1900,"175,25,0","0,86,100,31"
Color 860,#AF1919,"175,25,25","0,86,86,31"
Color 861,#AF1932,"175,25,50","0,86,71,31"
Color 862,#AF194B,"175,25,75","0,86,57,31"
Color 863,#AF1964,"175,25,100","0,86,43,31"
Color 864,#AF197D,"175,25,125","0,86,29,31"
Color 865,#AF1996,"175,25,150","0,86,14,31"
Color 866,#AF19AF,"175,25,175","0,86,0,31"
Color 867,#AF19C8,"175,25,200","12,88,0,22"
Color 868,#AF19E1,"175,25,225","22,89,0,12"
Color 869,#AF19FA,"175,25,250","30,90,0,2"
Color 870,#AF3200,"175,50,0","0,71,100,31"
Color 871,#AF3219,"175,50,25","0,71,86,31"
Color 872,#AF3232,"175,50,50","0,71,71,31"
Color 873,#AF324B,"175,50,75","0,71,57,31"
Color 874,#AF3264,"175,50,100","0,71,43,31"
Color 875,#AF327D,"175,50,125","0,71,29,31"
Color 876,#AF3296,"175,50,150","0,71,14,31"
Color 877,#AF32AF,"175,50,175","0,71,0,31"
Color 878,#AF32C8,"175,50,200","12,75,0,22"
Color 879,#AF32E1,"175,50,225","22,78,0,12"
Color 880,#AF32FA,"175,50,250","30,80,0,2"
Color 881,#AF4B00,"175,75,0","0,57,100,31"
Color 882,#AF4B19,"175,75,25","0,57,86,31"
Color 883,#AF4B32,"175,75,50","0,57,71,31"
Color 884,#AF4B4B,"175,75,75","0,57,57,31"
Color 885,#AF4B64,"175,75,100","0,57,43,31"
Color 886,#AF4B7D,"175,75,125","0,57,29,31"
Color 887,#AF4B96,"175,75,150","0,57,14,31"
Color 888,#AF4BAF,"175,75,175","0,57,0,31"
Color 889,#AF4BC8,"175,75,200","12,62,0,22"
Color 890,#AF4BE1,"175,75,225","22,67,0,12"
Color 891,#AF4BFA,"175,75,250","30,70,0,2"
Color 892,#AF6400,"175,100,0","0,43,100,31"
Color 893,#AF6419,"175,100,25","0,43,86,31"
Color 894,#AF6432,"175,100,50","0,43,71,31"
Color 895,#AF644B,"175,100,75","0,43,57,31"
Color 896,#AF6464,"175,100,100","0,43,43,31"
Color 897,#AF647D,"175,100,125","0,43,29,31"
Color 898,#AF6496,"175,100,150","0,43,14,31"
Color 899,#AF64AF,"175,100,175","0,43,0,31"
Color 900,#AF64C8,"175,100,200","12,50,0,22"
Color 901,#AF64E1,"175,100,225","22,56,0,12"
Color 902,#AF64FA,"175,100,250","30,60,0,2"
Color 903,#AF7D00,"175,125,0","0,29,100,31"
Color 904,#AF7D19,"175,125,25","0,29,86,31"
Color 905,#AF7D32,"175,125,50","0,29,71,31"
Color 906,#AF7D4B,"175,125,75","0,29,57,31"
Color 907,#AF7D64,"175,125,100","0,29,43,31"
Color 908,#AF7D7D,"175,125,125","0,29,29,31"
Color 909,#AF7D96,"175,125,150","0,29,14,31"
Color 910,#AF7DAF,"175,125,175","0,29,0,31"
Color 911,#AF7DC8,"175,125,200","12,37,0,22"
Color 912,#AF7DE1,"175,125,225","22,44,0,12"
Color 913,#AF7DFA,"175,125,250","30,50,0,2"
Color 914,#AF9600,"175,150,0","0,14,100,31"
Color 915,#AF9619,"175,150,25","0,14,86,31"
Color 916,#AF9632,"175,150,50","0,14,71,31"
Color 917,#AF964B,"175,150,75","0,14,57,31"
Color 918,#AF9664,"175,150,100","0,14,43,31"
Color 919,#AF967D,"175,150,125","0,14,29,31"
Color 920,#AF9696,"175,150,150","0,14,14,31"
Color 921,#AF96AF,"175,150,175","0,14,0,31"
Color 922,#AF96C8,"175,150,200","12,25,0,22"
Color 923,#AF96E1,"175,150,225","22,33,0,12"
Color 924,#AF96FA,"175,150,250","30,40,0,2"
Color 925,#AFAF00,"175,175,0","0,0,100,31"
Color 926,#AFAF19,"175,175,25","0,0,86,31"
Color 927,#AFAF32,"175,175,50","0,0,71,31"
Color 928,#AFAF4B,"175,175,75","0,0,57,31"
Color 929,#AFAF64,"175,175,100","0,0,43,31"
Color 930,#AFAF7D,"175,175,125","0,0,29,31"
Color 931,#AFAF96,"175,175,150","0,0,14,31"
Color 932,#AFAFAF,"175,175,175","0,0,0,31"
Color 933,#AFAFC8,"175,175,200","12,12,0,22"
Color 934,#AFAFE1,"175,175,225","22,22,0,12"
Color 935,#AFAFFA,"175,175,250","30,30,0,2"
Color 936,#AFC800,"175,200,0","12,0,100,22"
Color 937,#AFC819,"175,200,25","12,0,88,22"
Color 938,#AFC832,"175,200,50","12,0,75,22"
Color 939,#AFC84B,"175,200,75","12,0,62,22"
Color 940,#AFC864,"175,200,100","12,0,50,22"
Color 941,#AFC87D,"175,200,125","12,0,37,22"
Color 942,#AFC896,"175,200,150","12,0,25,22"
Color 943,#AFC8AF,"175,200,175","12,0,12,22"
Color 944,#AFC8C8,"175,200,200","12,0,0,22"
Color 945,#AFC8E1,"175,200,225","22,11,0,12"
Color 946,#AFC8FA,"175,200,250","30,20,0,2"
Color 947,#AFE100,"175,225,0","22,0,100,12"
Color 948,#AFE119,"175,225,25","22,0,89,12"
Color 949,#AFE132,"175,225,50","22,0,78,12"
Color 950,#AFE14B,"175,225,75","22,0,67,12"
Color 951,#AFE164,"175,225,100","22,0,56,12"
Color 952,#AFE17D,"175,225,125","22,0,44,12"
Color 953,#AFE196,"175,225,150","22,0,33,12"
Color 954,#AFE1AF,"175,225,175","22,0,22,12"
Color 955,#AFE1C8,"175,225,200","22,0,11,12"
Color 956,#AFE1E1,"175,225,225","22,0,0,12"
Color 957,#AFE1FA,"175,225,250","30,10,0,2"
Color 958,#AFFA00,"175,250,0","30,0,100,2"
Color 959,#AFFA19,"175,250,25","30,0,90,2"
Color 960,#AFFA32,"175,250,50","30,0,80,2"
Color 961,#AFFA4B,"175,250,75","30,0,70,2"
Color 962,#AFFA64,"175,250,100","30,0,60,2"
Color 963,#AFFA7D,"175,250,125","30,0,50,2"
Color 964,#AFFA96,"175,250,150","30,0,40,2"
Color 965,#AFFAAF,"175,250,175","30,0,30,2"
Color 966,#AFFAC8,"175,250,200","30,0,20,2"
Color 967,#AFFAE1,"175,250,225","30,0,10,2"
Color 968,#AFFAFA,"175,250,250","30,0,0,2"
Color 969,#C80000,"200,0,0","0,100,100,22"
Color 970,#C80019,"200,0,25","0,100,88,22"
Color 971,#C80032,"200,0,50","0,100,75,22"
Color 972,#C8004B,"200,0,75","0,100,62,22"
Color 973,#C80064,"200,0,100","0,100,50,22"
Color 974,#C8007D,"200,0,125","0,100,37,22"
Color 975,#C80096,"200,0,150","0,100,25,22"
Color 976,#C800AF,"200,0,175","0,100,12,22"
Color 977,#C800C8,"200,0,200","0,100,0,22"
Color 978,#C800E1,"200,0,225","11,100,0,12"
Color 979,#C800FA,"200,0,250","20,100,0,2"
Color 980,#C81900,"200,25,0","0,88,100,22"
Color 981,#C81919,"200,25,25","0,88,88,22"
Color 982,#C81932,"200,25,50","0,88,75,22"
Color 983,#C8194B,"200,25,75","0,88,62,22"
Color 984,#C81964,"200,25,100","0,88,50,22"
Color 985,#C8197D,"200,25,125","0,88,37,22"
Color 986,#C81996,"200,25,150","0,88,25,22"
Color 987,#C819AF,"200,25,175","0,88,12,22"
Color 988,#C819C8,"200,25,200","0,88,0,22"
Color 989,#C819E1,"200,25,225","11,89,0,12"
Color 990,#C819FA,"200,25,250","20,90,0,2"
Color 991,#C83200,"200,50,0","0,75,100,22"
Color 992,#C83219,"200,50,25","0,75,88,22"
Color 993,#C83232,"200,50,50","0,75,75,22"
Color 994,#C8324B,"200,50,75","0,75,62,22"
Color 995,#C83264,"200,50,100","0,75,50,22"
Color 996,#C8327D,"200,50,125","0,75,37,22"
Color 997,#C83296,"200,50,150","0,75,25,22"
Color 998,#C832AF,"200,50,175","0,75,12,22"
Color 999,#C832C8,"200,50,200","0,75,0,22"
Color 1000,#C832E1,"200,50,225","11,78,0,12"
